{"count":1,"self":5.0048759999999994,"total":17.1905653,"children":{"InitializeActuators":{"count":12,"self":0.0029920999999999997,"total":0.0029920999999999997,"children":null},"InitializeSensors":{"count":12,"self":0.0029928999999999997,"total":0.0029928999999999997,"children":null},"AgentSendState":{"count":3651,"self":1.2694086,"total":1.5702736,"children":{"CollectObservations":{"count":8575,"self":0.020914199999999997,"total":0.020914199999999997,"children":null},"WriteActionMask":{"count":8575,"self":0.0059571999999999993,"total":0.0059571999999999993,"children":null},"RequestDecision":{"count":8575,"self":0.0565703,"total":0.2739936,"children":{"AgentInfo.ToProto":{"count":8575,"self":0.0288799,"total":0.21742329999999999,"children":{"GenerateSensorData":{"count":8575,"self":0.1366266,"total":0.1885434,"children":{"RayPerceptionSensor.Perceive":{"count":8575,"self":0.0519168,"total":0.0519168,"children":null}}}}}}}}},"DecideAction":{"count":3651,"self":10.4752136,"total":10.4752137,"children":null},"AgentAct":{"count":3651,"self":0.12426659999999999,"total":0.1312246,"children":{"AgentInfo.ToProto":{"count":178,"self":0.0029674999999999997,"total":0.006958,"children":{"GenerateSensorData":{"count":178,"self":0.0029942999999999997,"total":0.0039905,"children":{"RayPerceptionSensor.Perceive":{"count":178,"self":0.0009962,"total":0.0009962,"children":null}}}}}}},"AgentInfo.ToProto":{"count":161,"self":0.0009972,"total":0.0019951,"children":{"GenerateSensorData":{"count":161,"self":0.0009979,"total":0.0009979,"children":{"RayPerceptionSensor.Perceive":{"count":161,"self":0,"total":0,"children":null}}}}}},"gauges":{"BirdAgentTest.CumulativeReward":{"count":338,"max":63.7995834,"min":-0.0999999046,"runningAverage":10.6964493,"value":-0.0999999046,"weightedAverage":9.997383}},"metadata":{"timer_format_version":"0.1.0","start_time_seconds":"1661475338","unity_version":"2021.3.5f1","command_line_arguments":"C:\\Program Files\\Unity\\Hub\\Editor\\2021.3.5f1\\Editor\\Unity.exe -projectpath I:\/SeoulITHongUniv\/workspace\/Unity\/TestMLAgent -useHub -hubIPC -cloudEnvironment production -hubSessionId 7ad1bc40-24cb-11ed-9d16-d587dcbd84d1 -accessToken 5hszV3AbRxDfzt94d0ZCfagRs7CE4E-kxzzb52hlX8o00df","communication_protocol_version":"1.5.0","com.unity.ml-agents_version":"2.2.1-exp.1","scene_name":"BirdTest","end_time_seconds":"1661475356"}}