{"count":1,"self":155.64062719999998,"total":980.9301263,"children":{"InitializeActuators":{"count":9,"self":0.0029950999999999997,"total":0.0029950999999999997,"children":null},"InitializeSensors":{"count":9,"self":0.0019943,"total":0.0019943,"children":null},"AgentSendState":{"count":279434,"self":165.699904,"total":182.81533779999998,"children":{"CollectObservations":{"count":502983,"self":0.3963384,"total":0.3963384,"children":null},"WriteActionMask":{"count":502983,"self":0.4111303,"total":0.4111303,"children":null},"RequestDecision":{"count":502983,"self":3.2644333999999997,"total":16.307962,"children":{"AgentInfo.ToProto":{"count":502983,"self":1.8026248,"total":13.0435286,"children":{"GenerateSensorData":{"count":502983,"self":7.1730168,"total":11.240903699999999,"children":{"RayPerceptionSensor.Perceive":{"count":502983,"self":4.0678868,"total":4.0678868,"children":null}}}}}}}}},"DecideAction":{"count":279434,"self":637.998848,"total":637.9988251,"children":null},"AgentAct":{"count":279434,"self":4.358604,"total":4.3586038999999994,"children":null},"AgentInfo.ToProto":{"count":3754,"self":0.022886399999999998,"total":0.11075,"children":{"GenerateSensorData":{"count":3754,"self":0.057007499999999996,"total":0.0878636,"children":{"RayPerceptionSensor.Perceive":{"count":3754,"self":0.030856099999999997,"total":0.030856099999999997,"children":null}}}}}},"gauges":{"CookieRunAgentTest.CumulativeReward":{"count":3754,"max":210.463318,"min":-16.8399963,"runningAverage":-9.143845,"value":-15.8299961,"weightedAverage":-3.47613859}},"metadata":{"timer_format_version":"0.1.0","start_time_seconds":"1661841799","unity_version":"2021.3.5f1","command_line_arguments":"C:\\Program Files\\Unity\\Hub\\Editor\\2021.3.5f1\\Editor\\Unity.exe -projectpath I:\/SeoulITHongUniv\/workspace\/Unity\/TestMLAgent -useHub -hubIPC -cloudEnvironment production -hubSessionId 7ad1bc40-24cb-11ed-9d16-d587dcbd84d1 -accessToken WluumxyrBj3gpmuMBRL4vJ68ciZq0nsqn6y_W8oMxEw00df","communication_protocol_version":"1.5.0","com.unity.ml-agents_version":"2.2.1-exp.1","scene_name":"CookieRunTest","end_time_seconds":"1661842779"}}